End (ISO 8601),End Date,End Time (24 Hour),End Timestamp (Unix),End Timezone (UTC Offset Minutes),Duration (Seconds)
2021-11-15T11:11:00.000+00:00,2021-11-15,11:11:00,1636974660,0,1500
2021-11-16T11:15:00.000+00:00,2021-11-16,11:15:00,1637061300,0,1500
2021-12-19T19:05:00.000+00:00,2021-12-19,19:05:00,1639940700,0,1500
2021-12-19T19:37:00.000+00:00,2021-12-19,19:37:00,1639942620,0,1500
2021-12-19T20:09:00.000+00:00,2021-12-19,20:09:00,1639944540,0,1500
2021-12-19T21:32:00.000+00:00,2021-12-19,21:32:00,1639949520,0,1500
2021-12-19T22:22:00.000+00:00,2021-12-19,22:22:00,1639952520,0,1500
2021-12-19T22:58:00.000+00:00,2021-12-19,22:58:00,1639954680,0,1500
2021-12-20T11:16:00.000+00:00,2021-12-20,11:16:00,1639998960,0,1500
2021-12-20T11:51:00.000+00:00,2021-12-20,11:51:00,1640001060,0,1500
2021-12-20T12:31:00.000+00:00,2021-12-20,12:31:00,1640003460,0,1500
2021-12-20T13:50:00.000+00:00,2021-12-20,13:50:00,1640008200,0,1500
2021-12-20T19:34:00.000+00:00,2021-12-20,19:34:00,1640028840,0,1500
2021-12-20T20:39:00.000+00:00,2021-12-20,20:39:00,1640032740,0,1500
2021-12-20T21:11:00.000+00:00,2021-12-20,21:11:00,1640034660,0,1500
2021-12-20T21:41:00.000+00:00,2021-12-20,21:41:00,1640036460,0,1500
2021-12-21T12:40:00.000+00:00,2021-12-21,12:40:00,1640090400,0,1500
2021-12-21T13:16:00.000+00:00,2021-12-21,13:16:00,1640092560,0,1500
2021-12-21T17:06:00.000+00:00,2021-12-21,17:06:00,1640106360,0,1500
2021-12-22T17:23:00.000+00:00,2021-12-22,17:23:00,1640193780,0,1500
2021-12-22T18:22:00.000+00:00,2021-12-22,18:22:00,1640197320,0,1500
2021-12-23T20:22:00.000+00:00,2021-12-23,20:22:00,1640290920,0,1500
2021-12-23T20:53:00.000+00:00,2021-12-23,20:53:00,1640292780,0,1500
2021-12-26T20:59:00.000+00:00,2021-12-26,20:59:00,1640552340,0,1500
2021-12-27T07:43:00.000+00:00,2021-12-27,07:43:00,1640590980,0,1500
2021-12-27T08:13:00.000+00:00,2021-12-27,08:13:00,1640592780,0,1500
2021-12-30T16:10:00.000+00:00,2021-12-30,16:10:00,1640880600,0,1500
2021-12-30T16:42:00.000+00:00,2021-12-30,16:42:00,1640882520,0,1500
2021-12-31T13:19:00.000+00:00,2021-12-31,13:19:00,1640956740,0,1500
2022-01-02T20:36:00.000+00:00,2022-01-02,20:36:00,1641155760,0,1500
2022-01-02T21:14:00.000+00:00,2022-01-02,21:14:00,1641158040,0,1500
2022-01-02T21:57:00.000+00:00,2022-01-02,21:57:00,1641160620,0,1500
2022-01-03T12:36:00.000+00:00,2022-01-03,12:36:00,1641213360,0,1500
2022-01-03T14:24:00.000+00:00,2022-01-03,14:24:00,1641219840,0,1500
2022-01-03T16:02:00.000+00:00,2022-01-03,16:02:00,1641225720,0,1500
2022-01-03T17:19:00.000+00:00,2022-01-03,17:19:00,1641230340,0,1500
2022-01-03T20:58:00.000+00:00,2022-01-03,20:58:00,1641243480,0,1500
2022-01-03T21:43:00.000+00:00,2022-01-03,21:43:00,1641246180,0,1500
2022-01-03T22:19:00.000+00:00,2022-01-03,22:19:00,1641248340,0,1500
2022-01-04T11:57:00.000+00:00,2022-01-04,11:57:00,1641297420,0,1500
2022-01-04T17:50:00.000+00:00,2022-01-04,17:50:00,1641318600,0,1500
2022-01-05T12:19:00.000+00:00,2022-01-05,12:19:00,1641385140,0,1500
2022-01-05T12:51:00.000+00:00,2022-01-05,12:51:00,1641387060,0,1500
2022-01-05T13:27:00.000+00:00,2022-01-05,13:27:00,1641389220,0,1500
2022-01-05T16:35:00.000+00:00,2022-01-05,16:35:00,1641400500,0,1500
2022-01-07T07:24:00.000+00:00,2022-01-07,07:24:00,1641540240,0,1500
2022-01-12T07:13:00.000+00:00,2022-01-12,07:13:00,1641971580,0,1500
2022-01-12T07:45:00.000+00:00,2022-01-12,07:45:00,1641973500,0,1500
2022-01-12T12:15:00.000+00:00,2022-01-12,12:15:00,1641989700,0,1500
2022-01-12T20:32:00.000+00:00,2022-01-12,20:32:00,1642019520,0,1500
2022-01-12T21:36:00.000+00:00,2022-01-12,21:36:00,1642023360,0,1500
2022-01-12T22:31:00.000+00:00,2022-01-12,22:31:00,1642026660,0,1500
2022-01-13T09:07:00.000+00:00,2022-01-13,09:07:00,1642064820,0,1500
2022-01-13T20:28:00.000+00:00,2022-01-13,20:28:00,1642105680,0,1500
2022-01-13T20:59:00.000+00:00,2022-01-13,20:59:00,1642107540,0,1500
2022-01-14T11:12:00.000+00:00,2022-01-14,11:12:00,1642158720,0,1500
2022-01-17T07:02:00.000+00:00,2022-01-17,07:02:00,1642402920,0,1500
2022-01-17T09:13:00.000+00:00,2022-01-17,09:13:00,1642410780,0,1500
2022-01-17T09:51:00.000+00:00,2022-01-17,09:51:00,1642413060,0,1500
2022-01-17T10:22:00.000+00:00,2022-01-17,10:22:00,1642414920,0,1500
2022-01-17T10:55:00.000+00:00,2022-01-17,10:55:00,1642416900,0,1500
2022-01-17T11:39:00.000+00:00,2022-01-17,11:39:00,1642419540,0,1500
2022-01-17T12:12:00.000+00:00,2022-01-17,12:12:00,1642421520,0,1500
2022-01-17T20:02:00.000+00:00,2022-01-17,20:02:00,1642449720,0,1500
2022-01-17T20:40:00.000+00:00,2022-01-17,20:40:00,1642452000,0,1500
2022-01-18T06:15:00.000+00:00,2022-01-18,06:15:00,1642486500,0,1500
2022-01-18T06:45:00.000+00:00,2022-01-18,06:45:00,1642488300,0,1500
2022-01-18T09:32:00.000+00:00,2022-01-18,09:32:00,1642498320,0,1500
2022-01-18T13:12:00.000+00:00,2022-01-18,13:12:00,1642511520,0,1500
2022-01-18T13:56:00.000+00:00,2022-01-18,13:56:00,1642514160,0,1500
2022-01-19T06:41:00.000+00:00,2022-01-19,06:41:00,1642574460,0,1500
2022-01-19T11:29:00.000+00:00,2022-01-19,11:29:00,1642591740,0,1500
2022-01-19T12:29:00.000+00:00,2022-01-19,12:29:00,1642595340,0,1500
2022-01-20T10:34:00.000+00:00,2022-01-20,10:34:00,1642674840,0,1500
2022-01-20T12:05:00.000+00:00,2022-01-20,12:05:00,1642680300,0,1500
2022-01-20T12:59:00.000+00:00,2022-01-20,12:59:00,1642683540,0,1500
2022-01-20T13:29:00.000+00:00,2022-01-20,13:29:00,1642685340,0,1500
2022-01-20T18:32:00.000+00:00,2022-01-20,18:32:00,1642703520,0,1500
2022-01-21T06:44:00.000+00:00,2022-01-21,06:44:00,1642747440,0,1500
2022-01-21T11:14:00.000+00:00,2022-01-21,11:14:00,1642763640,0,1500
2022-01-24T20:49:00.000+00:00,2022-01-24,20:49:00,1643057340,0,1500
2022-01-24T21:22:00.000+00:00,2022-01-24,21:22:00,1643059320,0,1500
2022-01-24T21:53:00.000+00:00,2022-01-24,21:53:00,1643061180,0,1500
2022-01-25T11:55:00.000+00:00,2022-01-25,11:55:00,1643111700,0,1500
2022-01-25T12:30:00.000+00:00,2022-01-25,12:30:00,1643113800,0,1500
2022-01-25T18:43:00.000+00:00,2022-01-25,18:43:00,1643136180,0,1500
2022-01-25T22:07:00.000+00:00,2022-01-25,22:07:00,1643148420,0,1500
2022-01-26T06:42:00.000+00:00,2022-01-26,06:42:00,1643179320,0,1500
2022-01-26T09:46:00.000+00:00,2022-01-26,09:46:00,1643190360,0,1500
2022-01-26T10:17:00.000+00:00,2022-01-26,10:17:00,1643192220,0,1500
2022-01-26T14:09:00.000+00:00,2022-01-26,14:09:00,1643206140,0,1500
2022-01-27T09:42:00.000+00:00,2022-01-27,09:42:00,1643276520,0,1500
2022-01-27T10:45:00.000+00:00,2022-01-27,10:45:00,1643280300,0,1500
2022-01-27T11:25:00.000+00:00,2022-01-27,11:25:00,1643282700,0,1500
2022-01-27T12:03:00.000+00:00,2022-01-27,12:03:00,1643284980,0,1500
2022-01-27T12:33:00.000+00:00,2022-01-27,12:33:00,1643286780,0,1500
2022-01-27T22:30:00.000+00:00,2022-01-27,22:30:00,1643322600,0,1500
2022-01-28T09:57:00.000+00:00,2022-01-28,09:57:00,1643363820,0,1500
2022-01-28T10:40:00.000+00:00,2022-01-28,10:40:00,1643366400,0,1500
2022-01-28T13:07:00.000+00:00,2022-01-28,13:07:00,1643375220,0,1500
2022-01-28T13:41:00.000+00:00,2022-01-28,13:41:00,1643377260,0,1500
2022-01-28T20:01:00.000+00:00,2022-01-28,20:01:00,1643400060,0,1500
2022-01-28T20:38:00.000+00:00,2022-01-28,20:38:00,1643402280,0,1500
2022-01-31T09:43:00.000+00:00,2022-01-31,09:43:00,1643622180,0,1500
2022-01-31T10:20:00.000+00:00,2022-01-31,10:20:00,1643624400,0,1500
2022-01-31T10:51:00.000+00:00,2022-01-31,10:51:00,1643626260,0,1500
2022-01-31T12:03:00.000+00:00,2022-01-31,12:03:00,1643630580,0,1500
2022-01-31T12:37:00.000+00:00,2022-01-31,12:37:00,1643632620,0,1500
2022-01-31T13:18:00.000+00:00,2022-01-31,13:18:00,1643635080,0,1500
2022-01-31T14:04:00.000+00:00,2022-01-31,14:04:00,1643637840,0,1500
2022-02-01T11:49:00.000+00:00,2022-02-01,11:49:00,1643716140,0,1500
2022-02-01T12:20:00.000+00:00,2022-02-01,12:20:00,1643718000,0,1500
2022-02-01T14:35:00.000+00:00,2022-02-01,14:35:00,1643726100,0,1500
2022-02-01T18:39:00.000+00:00,2022-02-01,18:39:00,1643740740,0,1500
2022-02-02T10:11:00.000+00:00,2022-02-02,10:11:00,1643796660,0,1500
2022-02-02T10:42:00.000+00:00,2022-02-02,10:42:00,1643798520,0,1500
2022-02-02T11:35:00.000+00:00,2022-02-02,11:35:00,1643801700,0,1500
2022-02-02T17:24:00.000+00:00,2022-02-02,17:24:00,1643822640,0,1500
2022-02-04T12:45:00.000+00:00,2022-02-04,12:45:00,1643978700,0,1500
2022-02-04T22:48:00.000+00:00,2022-02-04,22:48:00,1644014880,0,1500
2022-02-05T08:38:00.000+00:00,2022-02-05,08:38:00,1644050280,0,1500
2022-02-07T08:23:00.000+00:00,2022-02-07,08:23:00,1644222180,0,1500
2022-02-07T09:01:00.000+00:00,2022-02-07,09:01:00,1644224460,0,1500
2022-02-07T10:14:00.000+00:00,2022-02-07,10:14:00,1644228840,0,1500
2022-02-07T14:39:00.000+00:00,2022-02-07,14:39:00,1644244740,0,1500
2022-02-08T09:29:00.000+00:00,2022-02-08,09:29:00,1644312540,0,1500
2022-02-08T10:03:00.000+00:00,2022-02-08,10:03:00,1644314580,0,1500
2022-02-08T18:08:00.000+00:00,2022-02-08,18:08:00,1644343680,0,1500
2022-02-08T18:40:00.000+00:00,2022-02-08,18:40:00,1644345600,0,1500
2022-02-09T11:16:00.000+00:00,2022-02-09,11:16:00,1644405360,0,1500
2022-02-09T11:49:00.000+00:00,2022-02-09,11:49:00,1644407340,0,1500
2022-02-09T12:39:00.000+00:00,2022-02-09,12:39:00,1644410340,0,1500
2022-02-09T13:10:00.000+00:00,2022-02-09,13:10:00,1644412200,0,1500
2022-02-09T14:00:00.000+00:00,2022-02-09,14:00:00,1644415200,0,1500
2022-02-09T14:34:00.000+00:00,2022-02-09,14:34:00,1644417240,0,1500
2022-02-09T17:44:00.000+00:00,2022-02-09,17:44:00,1644428640,0,1500
2022-02-09T18:14:00.000+00:00,2022-02-09,18:14:00,1644430440,0,1500
2022-02-10T10:09:00.000+00:00,2022-02-10,10:09:00,1644487740,0,1500
2022-02-10T12:35:00.000+00:00,2022-02-10,12:35:00,1644496500,0,1500
2022-02-10T17:39:00.000+00:00,2022-02-10,17:39:00,1644514740,0,1500
2022-02-10T18:25:00.000+00:00,2022-02-10,18:25:00,1644517500,0,1500
2022-02-11T09:26:00.000+00:00,2022-02-11,09:26:00,1644571560,0,1500
2022-02-11T10:08:00.000+00:00,2022-02-11,10:08:00,1644574080,0,1500
2022-02-11T10:45:00.000+00:00,2022-02-11,10:45:00,1644576300,0,1500
2022-02-11T11:45:00.000+00:00,2022-02-11,11:45:00,1644579900,0,1500
2022-02-11T12:57:00.000+00:00,2022-02-11,12:57:00,1644584220,0,1500
2022-02-11T13:53:00.000+00:00,2022-02-11,13:53:00,1644587580,0,1500
2022-02-11T17:31:00.000+00:00,2022-02-11,17:31:00,1644600660,0,1500
2022-02-12T09:38:00.000+00:00,2022-02-12,09:38:00,1644658680,0,1500
2022-02-12T10:20:00.000+00:00,2022-02-12,10:20:00,1644661200,0,1500
2022-02-12T11:01:00.000+00:00,2022-02-12,11:01:00,1644663660,0,1500
2022-02-12T11:35:00.000+00:00,2022-02-12,11:35:00,1644665700,0,1500
2022-02-12T12:35:00.000+00:00,2022-02-12,12:35:00,1644669300,0,1500
2022-02-16T11:46:00.000+00:00,2022-02-16,11:46:00,1645011960,0,1500
2022-02-16T12:16:00.000+00:00,2022-02-16,12:16:00,1645013760,0,1500
2022-02-17T12:41:00.000+00:00,2022-02-17,12:41:00,1645101660,0,1500
2022-02-17T14:04:00.000+00:00,2022-02-17,14:04:00,1645106640,0,1500
2022-02-17T14:37:00.000+00:00,2022-02-17,14:37:00,1645108620,0,1500
2022-02-18T10:33:00.000+00:00,2022-02-18,10:33:00,1645180380,0,1500
2022-02-18T11:17:00.000+00:00,2022-02-18,11:17:00,1645183020,0,1500
2022-02-18T12:00:00.000+00:00,2022-02-18,12:00:00,1645185600,0,1500
2022-02-21T08:36:00.000+00:00,2022-02-21,08:36:00,1645432560,0,1500
2022-02-21T11:27:00.000+00:00,2022-02-21,11:27:00,1645442820,0,1500
2022-02-21T11:58:00.000+00:00,2022-02-21,11:58:00,1645444680,0,1500
2022-02-21T12:53:00.000+00:00,2022-02-21,12:53:00,1645447980,0,1500
2022-02-21T13:58:00.000+00:00,2022-02-21,13:58:00,1645451880,0,1500
2022-02-22T11:37:00.000+00:00,2022-02-22,11:37:00,1645529820,0,1500
2022-02-22T13:01:00.000+00:00,2022-02-22,13:01:00,1645534860,0,1500
2022-02-22T13:32:00.000+00:00,2022-02-22,13:32:00,1645536720,0,1500
2022-02-22T14:02:00.000+00:00,2022-02-22,14:02:00,1645538520,0,1500
2022-02-23T10:15:00.000+00:00,2022-02-23,10:15:00,1645611300,0,1500
2022-02-23T10:45:00.000+00:00,2022-02-23,10:45:00,1645613100,0,1500
2022-02-23T11:15:00.000+00:00,2022-02-23,11:15:00,1645614900,0,1500
2022-02-23T12:04:00.000+00:00,2022-02-23,12:04:00,1645617840,0,1500
2022-02-23T12:50:00.000+00:00,2022-02-23,12:50:00,1645620600,0,1500
2022-02-23T13:20:00.000+00:00,2022-02-23,13:20:00,1645622400,0,1500
2022-02-23T16:16:00.000+00:00,2022-02-23,16:16:00,1645632960,0,1500
2022-02-23T16:47:00.000+00:00,2022-02-23,16:47:00,1645634820,0,1500
2022-02-23T17:17:00.000+00:00,2022-02-23,17:17:00,1645636620,0,1500
2022-02-24T08:34:00.000+00:00,2022-02-24,08:34:00,1645691640,0,1500
2022-02-24T09:04:00.000+00:00,2022-02-24,09:04:00,1645693440,0,1500
2022-02-24T10:17:00.000+00:00,2022-02-24,10:17:00,1645697820,0,1500
2022-02-24T11:03:00.000+00:00,2022-02-24,11:03:00,1645700580,0,1500
2022-02-24T11:56:00.000+00:00,2022-02-24,11:56:00,1645703760,0,1500
2022-02-24T12:34:00.000+00:00,2022-02-24,12:34:00,1645706040,0,1500
2022-02-24T13:04:00.000+00:00,2022-02-24,13:04:00,1645707840,0,1500
2022-02-24T13:34:00.000+00:00,2022-02-24,13:34:00,1645709640,0,1500
2022-02-24T16:31:00.000+00:00,2022-02-24,16:31:00,1645720260,0,1500
2022-02-24T17:01:00.000+00:00,2022-02-24,17:01:00,1645722060,0,1500
2022-02-24T17:31:00.000+00:00,2022-02-24,17:31:00,1645723860,0,1500
2022-02-25T09:55:00.000+00:00,2022-02-25,09:55:00,1645782900,0,1500
2022-02-25T10:25:00.000+00:00,2022-02-25,10:25:00,1645784700,0,1500
2022-02-25T10:55:00.000+00:00,2022-02-25,10:55:00,1645786500,0,1500
2022-02-25T11:24:00.000+00:00,2022-02-25,11:24:00,1645788240,0,1500
2022-02-25T12:08:00.000+00:00,2022-02-25,12:08:00,1645790880,0,1500
2022-02-25T12:39:00.000+00:00,2022-02-25,12:39:00,1645792740,0,1500
2022-02-25T13:16:00.000+00:00,2022-02-25,13:16:00,1645794960,0,1500
2022-02-26T10:58:00.000+00:00,2022-02-26,10:58:00,1645873080,0,1500
2022-02-26T12:34:00.000+00:00,2022-02-26,12:34:00,1645878840,0,1500
2022-02-26T13:19:00.000+00:00,2022-02-26,13:19:00,1645881540,0,1500
2022-02-26T14:18:00.000+00:00,2022-02-26,14:18:00,1645885080,0,1500
2022-02-26T15:11:00.000+00:00,2022-02-26,15:11:00,1645888260,0,1500
2022-02-26T15:51:00.000+00:00,2022-02-26,15:51:00,1645890660,0,1500
2022-02-28T11:11:00.000+00:00,2022-02-28,11:11:00,1646046660,0,1500
2022-02-28T11:44:00.000+00:00,2022-02-28,11:44:00,1646048640,0,1500
2022-02-28T12:24:00.000+00:00,2022-02-28,12:24:00,1646051040,0,1500
2022-02-28T13:03:00.000+00:00,2022-02-28,13:03:00,1646053380,0,1500
2022-02-28T13:46:00.000+00:00,2022-02-28,13:46:00,1646055960,0,1500
2022-02-28T16:57:00.000+00:00,2022-02-28,16:57:00,1646067420,0,1500
2022-02-28T17:27:00.000+00:00,2022-02-28,17:27:00,1646069220,0,1500
2022-02-28T17:57:00.000+00:00,2022-02-28,17:57:00,1646071020,0,1500
2022-03-01T11:05:00.000+00:00,2022-03-01,11:05:00,1646132700,0,1500
2022-03-01T11:35:00.000+00:00,2022-03-01,11:35:00,1646134500,0,1500
2022-03-01T13:46:00.000+00:00,2022-03-01,13:46:00,1646142360,0,1500
2022-03-01T15:29:00.000+00:00,2022-03-01,15:29:00,1646148540,0,1500
2022-03-01T16:16:00.000+00:00,2022-03-01,16:16:00,1646151360,0,1500
2022-03-01T16:47:00.000+00:00,2022-03-01,16:47:00,1646153220,0,1500
2022-03-01T17:27:00.000+00:00,2022-03-01,17:27:00,1646155620,0,1500
2022-03-01T17:57:00.000+00:00,2022-03-01,17:57:00,1646157420,0,1500
2022-03-01T19:32:00.000+00:00,2022-03-01,19:32:00,1646163120,0,1500
2022-03-02T15:39:00.000+00:00,2022-03-02,15:39:00,1646235540,0,1500
2022-03-02T16:10:00.000+00:00,2022-03-02,16:10:00,1646237400,0,1500
2022-03-02T16:40:00.000+00:00,2022-03-02,16:40:00,1646239200,0,1500
2022-03-02T17:18:00.000+00:00,2022-03-02,17:18:00,1646241480,0,1500
2022-03-03T08:10:00.000+00:00,2022-03-03,08:10:00,1646295000,0,1500
2022-03-03T08:43:00.000+00:00,2022-03-03,08:43:00,1646296980,0,1500
2022-03-03T09:13:00.000+00:00,2022-03-03,09:13:00,1646298780,0,1500
2022-03-03T09:43:00.000+00:00,2022-03-03,09:43:00,1646300580,0,1500
2022-03-03T10:23:00.000+00:00,2022-03-03,10:23:00,1646302980,0,1500
2022-03-03T13:10:00.000+00:00,2022-03-03,13:10:00,1646313000,0,1500
2022-03-03T13:41:00.000+00:00,2022-03-03,13:41:00,1646314860,0,1500
2022-03-03T14:11:00.000+00:00,2022-03-03,14:11:00,1646316660,0,1500
2022-03-03T14:51:00.000+00:00,2022-03-03,14:51:00,1646319060,0,1500
2022-03-04T09:05:00.000+00:00,2022-03-04,09:05:00,1646384700,0,1500
2022-03-04T09:37:00.000+00:00,2022-03-04,09:37:00,1646386620,0,1500
2022-03-04T10:07:00.000+00:00,2022-03-04,10:07:00,1646388420,0,1500
2022-03-04T10:38:00.000+00:00,2022-03-04,10:38:00,1646390280,0,1500
2022-03-04T11:23:00.000+00:00,2022-03-04,11:23:00,1646392980,0,1500
2022-03-04T12:01:00.000+00:00,2022-03-04,12:01:00,1646395260,0,1500
2022-03-04T13:15:00.000+00:00,2022-03-04,13:15:00,1646399700,0,1500
2022-03-04T14:02:00.000+00:00,2022-03-04,14:02:00,1646402520,0,1500
2022-03-04T15:38:00.000+00:00,2022-03-04,15:38:00,1646408280,0,1500
2022-03-04T16:08:00.000+00:00,2022-03-04,16:08:00,1646410080,0,1500
2022-03-04T16:49:00.000+00:00,2022-03-04,16:49:00,1646412540,0,1500
2022-03-07T16:13:00.000+00:00,2022-03-07,16:13:00,1646669580,0,1500
2022-03-07T17:03:00.000+00:00,2022-03-07,17:03:00,1646672580,0,1500
2022-03-07T17:35:00.000+00:00,2022-03-07,17:35:00,1646674500,0,1500
2022-03-07T18:06:00.000+00:00,2022-03-07,18:06:00,1646676360,0,1500
2022-03-07T19:01:00.000+00:00,2022-03-07,19:01:00,1646679660,0,1500
2022-03-08T12:32:00.000+00:00,2022-03-08,12:32:00,1646742720,0,1500
2022-03-08T13:05:00.000+00:00,2022-03-08,13:05:00,1646744700,0,1500
2022-03-08T13:35:00.000+00:00,2022-03-08,13:35:00,1646746500,0,1500
2022-03-08T14:05:00.000+00:00,2022-03-08,14:05:00,1646748300,0,1500
2022-03-08T18:42:00.000+00:00,2022-03-08,18:42:00,1646764920,0,1500
2022-03-08T19:12:00.000+00:00,2022-03-08,19:12:00,1646766720,0,1500
2022-03-09T16:20:00.000+00:00,2022-03-09,16:20:00,1646842800,0,1500
2022-03-09T16:50:00.000+00:00,2022-03-09,16:50:00,1646844600,0,1500
2022-03-09T17:20:00.000+00:00,2022-03-09,17:20:00,1646846400,0,1500
2022-03-09T18:11:00.000+00:00,2022-03-09,18:11:00,1646849460,0,1500
2022-03-09T18:51:00.000+00:00,2022-03-09,18:51:00,1646851860,0,1500
2022-03-09T19:21:00.000+00:00,2022-03-09,19:21:00,1646853660,0,1500
2022-03-09T19:56:00.000+00:00,2022-03-09,19:56:00,1646855760,0,1500
2022-03-09T20:38:00.000+00:00,2022-03-09,20:38:00,1646858280,0,1500
2022-03-10T08:46:00.000+00:00,2022-03-10,08:46:00,1646901960,0,1500
2022-03-10T09:16:00.000+00:00,2022-03-10,09:16:00,1646903760,0,1500
2022-03-10T09:47:00.000+00:00,2022-03-10,09:47:00,1646905620,0,1500
2022-03-10T10:18:00.000+00:00,2022-03-10,10:18:00,1646907480,0,1500
2022-03-10T16:27:00.000+00:00,2022-03-10,16:27:00,1646929620,0,1500
2022-03-10T17:18:00.000+00:00,2022-03-10,17:18:00,1646932680,0,1500
2022-03-10T17:48:00.000+00:00,2022-03-10,17:48:00,1646934480,0,1500
2022-03-10T19:06:00.000+00:00,2022-03-10,19:06:00,1646939160,0,1500
2022-03-11T10:32:00.000+00:00,2022-03-11,10:32:00,1646994720,0,1500
2022-03-11T11:02:00.000+00:00,2022-03-11,11:02:00,1646996520,0,1500
2022-03-11T11:42:00.000+00:00,2022-03-11,11:42:00,1646998920,0,1500
2022-03-11T13:31:00.000+00:00,2022-03-11,13:31:00,1647005460,0,1500
2022-03-11T14:11:00.000+00:00,2022-03-11,14:11:00,1647007860,0,1500
2022-03-11T16:36:00.000+00:00,2022-03-11,16:36:00,1647016560,0,1500
2022-03-11T17:06:00.000+00:00,2022-03-11,17:06:00,1647018360,0,1500
2022-03-13T16:41:00.000+00:00,2022-03-13,16:41:00,1647189660,0,1500
2022-03-13T17:12:00.000+00:00,2022-03-13,17:12:00,1647191520,0,1500
2022-03-13T17:43:00.000+00:00,2022-03-13,17:43:00,1647193380,0,1500
2022-03-13T18:16:00.000+00:00,2022-03-13,18:16:00,1647195360,0,1500
2022-03-13T19:35:00.000+00:00,2022-03-13,19:35:00,1647200100,0,1500
2022-03-13T20:01:00.000+00:00,2022-03-13,20:01:00,1647201660,0,1500
2022-03-14T20:15:00.000+00:00,2022-03-14,20:15:00,1647288900,0,1500
2022-03-14T20:45:00.000+00:00,2022-03-14,20:45:00,1647290700,0,1500
2022-03-15T12:33:00.000+00:00,2022-03-15,12:33:00,1647347580,0,1500
2022-03-15T13:03:00.000+00:00,2022-03-15,13:03:00,1647349380,0,1500
2022-03-15T13:41:00.000+00:00,2022-03-15,13:41:00,1647351660,0,1500
2022-03-15T14:12:00.000+00:00,2022-03-15,14:12:00,1647353520,0,1500
2022-03-16T10:41:00.000+00:00,2022-03-16,10:41:00,1647427260,0,1500
2022-03-16T11:11:00.000+00:00,2022-03-16,11:11:00,1647429060,0,1500
2022-03-16T18:18:00.000+00:00,2022-03-16,18:18:00,1647454680,0,1500
2022-03-17T11:53:00.000+00:00,2022-03-17,11:53:00,1647517980,0,1500
2022-03-17T12:23:00.000+00:00,2022-03-17,12:23:00,1647519780,0,1500
2022-03-17T12:54:00.000+00:00,2022-03-17,12:54:00,1647521640,0,1500
2022-03-17T13:24:00.000+00:00,2022-03-17,13:24:00,1647523440,0,1500
2022-03-17T15:47:00.000+00:00,2022-03-17,15:47:00,1647532020,0,1500
2022-03-17T17:18:00.000+00:00,2022-03-17,17:18:00,1647537480,0,1500
2022-03-17T17:48:00.000+00:00,2022-03-17,17:48:00,1647539280,0,1500
2022-03-17T18:18:00.000+00:00,2022-03-17,18:18:00,1647541080,0,1500
2022-03-18T15:45:00.000+00:00,2022-03-18,15:45:00,1647618300,0,1500
2022-03-18T16:15:00.000+00:00,2022-03-18,16:15:00,1647620100,0,1500
2022-03-18T16:45:00.000+00:00,2022-03-18,16:45:00,1647621900,0,1500
2022-03-18T17:16:00.000+00:00,2022-03-18,17:16:00,1647623760,0,1500
2022-03-18T17:56:00.000+00:00,2022-03-18,17:56:00,1647626160,0,1500
2022-03-22T10:05:00.000+00:00,2022-03-22,10:05:00,1647943500,0,1500
2022-03-22T10:35:00.000+00:00,2022-03-22,10:35:00,1647945300,0,1500
2022-03-22T11:04:00.000+00:00,2022-03-22,11:04:00,1647947040,0,1500
2022-03-22T12:20:00.000+00:00,2022-03-22,12:20:00,1647951600,0,1500
2022-03-22T13:00:00.000+00:00,2022-03-22,13:00:00,1647954000,0,1500
2022-03-23T09:51:00.000+00:00,2022-03-23,09:51:00,1648029060,0,1500
2022-03-23T10:26:00.000+00:00,2022-03-23,10:26:00,1648031160,0,1500
2022-03-23T15:57:00.000+00:00,2022-03-23,15:57:00,1648051020,0,1500
2022-03-23T16:27:00.000+00:00,2022-03-23,16:27:00,1648052820,0,1500
2022-03-23T17:07:00.000+00:00,2022-03-23,17:07:00,1648055220,0,1500
2022-03-24T09:31:00.000+00:00,2022-03-24,09:31:00,1648114260,0,1500
2022-03-24T10:03:00.000+00:00,2022-03-24,10:03:00,1648116180,0,1500
2022-03-24T11:07:00.000+00:00,2022-03-24,11:07:00,1648120020,0,1500
2022-03-24T11:47:00.000+00:00,2022-03-24,11:47:00,1648122420,0,1500
2022-03-24T16:41:00.000+00:00,2022-03-24,16:41:00,1648140060,0,1500
2022-03-24T17:14:00.000+00:00,2022-03-24,17:14:00,1648142040,0,1500
2022-03-25T10:33:00.000+00:00,2022-03-25,10:33:00,1648204380,0,1500
2022-03-25T11:03:00.000+00:00,2022-03-25,11:03:00,1648206180,0,1500
2022-03-25T13:04:00.000+00:00,2022-03-25,13:04:00,1648213440,0,1500
2022-03-25T13:35:00.000+00:00,2022-03-25,13:35:00,1648215300,0,1500
2022-03-25T14:09:00.000+00:00,2022-03-25,14:09:00,1648217340,0,1500
2022-03-25T16:35:00.000+00:00,2022-03-25,16:35:00,1648226100,0,1500
2022-03-25T17:15:00.000+00:00,2022-03-25,17:15:00,1648228500,0,1500
2022-03-25T17:59:00.000+00:00,2022-03-25,17:59:00,1648231140,0,1500
2022-03-25T19:53:00.000+00:00,2022-03-25,19:53:00,1648237980,0,1500
2022-03-25T20:27:00.000+00:00,2022-03-25,20:27:00,1648240020,0,1500
2022-03-25T21:07:00.000+00:00,2022-03-25,21:07:00,1648242420,0,1500
2022-03-28T15:57:00.000+00:00,2022-03-28,15:57:00,1648483020,0,1500
2022-03-28T16:29:00.000+00:00,2022-03-28,16:29:00,1648484940,0,1500
2022-03-28T16:59:00.000+00:00,2022-03-28,16:59:00,1648486740,0,1500
2022-03-28T19:11:00.000+00:00,2022-03-28,19:11:00,1648494660,0,1500
2022-03-28T19:51:00.000+00:00,2022-03-28,19:51:00,1648497060,0,1500
2022-03-29T10:50:00.000+00:00,2022-03-29,10:50:00,1648551000,0,1500
2022-03-29T11:29:00.000+00:00,2022-03-29,11:29:00,1648553340,0,1500
2022-03-29T11:59:00.000+00:00,2022-03-29,11:59:00,1648555140,0,1500
2022-03-29T12:40:00.000+00:00,2022-03-29,12:40:00,1648557600,0,1500
2022-03-29T16:17:00.000+00:00,2022-03-29,16:17:00,1648570620,0,1500
2022-03-29T16:47:00.000+00:00,2022-03-29,16:47:00,1648572420,0,1500
2022-03-29T17:18:00.000+00:00,2022-03-29,17:18:00,1648574280,0,1500
2022-03-29T17:48:00.000+00:00,2022-03-29,17:48:00,1648576080,0,1500
2022-03-29T20:18:00.000+00:00,2022-03-29,20:18:00,1648585080,0,1500
2022-03-29T20:49:00.000+00:00,2022-03-29,20:49:00,1648586940,0,1500
2022-03-31T11:40:00.000+00:00,2022-03-31,11:40:00,1648726800,0,1500
2022-03-31T12:15:00.000+00:00,2022-03-31,12:15:00,1648728900,0,1500
2022-03-31T12:45:00.000+00:00,2022-03-31,12:45:00,1648730700,0,1500
2022-03-31T13:15:00.000+00:00,2022-03-31,13:15:00,1648732500,0,1500
2022-03-31T14:45:00.000+00:00,2022-03-31,14:45:00,1648737900,0,1500
2022-03-31T15:37:00.000+00:00,2022-03-31,15:37:00,1648741020,0,1500
2022-03-31T16:08:00.000+00:00,2022-03-31,16:08:00,1648742880,0,1500
2022-03-31T16:48:00.000+00:00,2022-03-31,16:48:00,1648745280,0,1500
2022-03-31T17:28:00.000+00:00,2022-03-31,17:28:00,1648747680,0,1500
2022-03-31T18:05:00.000+00:00,2022-03-31,18:05:00,1648749900,0,1500
2022-04-01T12:13:00.000+00:00,2022-04-01,12:13:00,1648815180,0,1500
2022-04-01T12:54:00.000+00:00,2022-04-01,12:54:00,1648817640,0,1500
2022-04-03T10:17:00.000+00:00,2022-04-03,10:17:00,1648981020,0,1500
2022-04-03T10:47:00.000+00:00,2022-04-03,10:47:00,1648982820,0,1500
2022-04-03T11:18:00.000+00:00,2022-04-03,11:18:00,1648984680,0,1500
2022-04-03T12:02:00.000+00:00,2022-04-03,12:02:00,1648987320,0,1500
2022-04-03T12:42:00.000+00:00,2022-04-03,12:42:00,1648989720,0,1500
2022-04-03T13:16:00.000+00:00,2022-04-03,13:16:00,1648991760,0,1500
2022-04-03T13:49:00.000+00:00,2022-04-03,13:49:00,1648993740,0,1500
2022-04-03T14:19:00.000+00:00,2022-04-03,14:19:00,1648995540,0,1500
2022-04-03T15:27:00.000+00:00,2022-04-03,15:27:00,1648999620,0,1500
2022-04-03T15:59:00.000+00:00,2022-04-03,15:59:00,1649001540,0,1500
2022-04-03T16:29:00.000+00:00,2022-04-03,16:29:00,1649003340,0,1500
2022-04-04T08:03:00.000+00:00,2022-04-04,08:03:00,1649059380,0,1500
2022-04-04T08:41:00.000+00:00,2022-04-04,08:41:00,1649061660,0,1500
2022-04-04T09:11:00.000+00:00,2022-04-04,09:11:00,1649063460,0,1500
2022-04-04T10:33:00.000+00:00,2022-04-04,10:33:00,1649068380,0,1500
2022-04-04T11:18:00.000+00:00,2022-04-04,11:18:00,1649071080,0,1500
2022-04-04T11:48:00.000+00:00,2022-04-04,11:48:00,1649072880,0,1500
2022-04-04T12:18:00.000+00:00,2022-04-04,12:18:00,1649074680,0,1500
2022-04-04T13:00:00.000+00:00,2022-04-04,13:00:00,1649077200,0,1500
2022-04-04T13:40:00.000+00:00,2022-04-04,13:40:00,1649079600,0,1500
2022-04-04T14:11:00.000+00:00,2022-04-04,14:11:00,1649081460,0,1500
2022-04-05T11:31:00.000+00:00,2022-04-05,11:31:00,1649158260,0,1500
2022-04-05T12:01:00.000+00:00,2022-04-05,12:01:00,1649160060,0,1500
2022-04-05T12:57:00.000+00:00,2022-04-05,12:57:00,1649163420,0,1500
2022-04-05T13:33:00.000+00:00,2022-04-05,13:33:00,1649165580,0,1500
2022-04-05T14:13:00.000+00:00,2022-04-05,14:13:00,1649167980,0,1500
2022-04-05T16:24:00.000+00:00,2022-04-05,16:24:00,1649175840,0,1500
2022-04-05T18:42:00.000+00:00,2022-04-05,18:42:00,1649184120,0,1500
2022-04-06T09:19:00.000+00:00,2022-04-06,09:19:00,1649236740,0,1500
2022-04-06T09:53:00.000+00:00,2022-04-06,09:53:00,1649238780,0,1500
2022-04-06T10:23:00.000+00:00,2022-04-06,10:23:00,1649240580,0,1500
2022-04-06T11:46:00.000+00:00,2022-04-06,11:46:00,1649245560,0,1500
2022-04-06T12:22:00.000+00:00,2022-04-06,12:22:00,1649247720,0,1500
2022-04-06T12:54:00.000+00:00,2022-04-06,12:54:00,1649249640,0,1500
2022-04-06T13:24:00.000+00:00,2022-04-06,13:24:00,1649251440,0,1500
2022-04-06T14:00:00.000+00:00,2022-04-06,14:00:00,1649253600,0,1500
2022-04-06T14:40:00.000+00:00,2022-04-06,14:40:00,1649256000,0,1500
2022-04-06T15:21:00.000+00:00,2022-04-06,15:21:00,1649258460,0,1500
2022-04-07T09:08:00.000+00:00,2022-04-07,09:08:00,1649322480,0,1500
2022-04-07T09:42:00.000+00:00,2022-04-07,09:42:00,1649324520,0,1500
2022-04-07T10:13:00.000+00:00,2022-04-07,10:13:00,1649326380,0,1500
2022-04-07T10:47:00.000+00:00,2022-04-07,10:47:00,1649328420,0,1500
2022-04-07T11:31:00.000+00:00,2022-04-07,11:31:00,1649331060,0,1500
2022-04-07T13:27:00.000+00:00,2022-04-07,13:27:00,1649338020,0,1500
2022-04-07T13:57:00.000+00:00,2022-04-07,13:57:00,1649339820,0,1500
2022-04-07T14:27:00.000+00:00,2022-04-07,14:27:00,1649341620,0,1500
2022-04-07T15:11:00.000+00:00,2022-04-07,15:11:00,1649344260,0,1500
2022-04-08T10:53:00.000+00:00,2022-04-08,10:53:00,1649415180,0,1500
2022-04-08T11:51:00.000+00:00,2022-04-08,11:51:00,1649418660,0,1500
2022-04-08T15:42:00.000+00:00,2022-04-08,15:42:00,1649432520,0,1500
2022-04-08T16:12:00.000+00:00,2022-04-08,16:12:00,1649434320,0,1500
2022-04-08T16:43:00.000+00:00,2022-04-08,16:43:00,1649436180,0,1500
2022-04-08T17:15:00.000+00:00,2022-04-08,17:15:00,1649438100,0,1500
2022-04-09T09:16:00.000+00:00,2022-04-09,09:16:00,1649495760,0,1500
2022-04-09T11:19:00.000+00:00,2022-04-09,11:19:00,1649503140,0,1500
2022-04-09T11:49:00.000+00:00,2022-04-09,11:49:00,1649504940,0,1500
2022-04-11T10:51:00.000+00:00,2022-04-11,10:51:00,1649674260,0,1500
2022-04-11T11:21:00.000+00:00,2022-04-11,11:21:00,1649676060,0,1500
2022-04-11T11:54:00.000+00:00,2022-04-11,11:54:00,1649678040,0,1500
2022-04-11T12:24:00.000+00:00,2022-04-11,12:24:00,1649679840,0,1500
2022-04-11T13:29:00.000+00:00,2022-04-11,13:29:00,1649683740,0,1500
2022-04-11T13:59:00.000+00:00,2022-04-11,13:59:00,1649685540,0,1500
2022-04-11T14:29:00.000+00:00,2022-04-11,14:29:00,1649687340,0,1500
2022-04-11T15:04:00.000+00:00,2022-04-11,15:04:00,1649689440,0,1500
2022-04-11T15:44:00.000+00:00,2022-04-11,15:44:00,1649691840,0,1500
2022-04-11T16:18:00.000+00:00,2022-04-11,16:18:00,1649693880,0,1500
2022-04-12T08:43:00.000+00:00,2022-04-12,08:43:00,1649752980,0,1500
2022-04-12T09:13:00.000+00:00,2022-04-12,09:13:00,1649754780,0,1500
2022-04-12T09:48:00.000+00:00,2022-04-12,09:48:00,1649756880,0,1500
2022-04-12T10:18:00.000+00:00,2022-04-12,10:18:00,1649758680,0,1500
2022-04-12T11:27:00.000+00:00,2022-04-12,11:27:00,1649762820,0,1500
2022-04-12T11:57:00.000+00:00,2022-04-12,11:57:00,1649764620,0,1500
2022-04-12T12:27:00.000+00:00,2022-04-12,12:27:00,1649766420,0,1500
2022-04-12T12:57:00.000+00:00,2022-04-12,12:57:00,1649768220,0,1500
2022-04-12T13:38:00.000+00:00,2022-04-12,13:38:00,1649770680,0,1500
2022-04-12T14:08:00.000+00:00,2022-04-12,14:08:00,1649772480,0,1500
2022-04-12T14:40:00.000+00:00,2022-04-12,14:40:00,1649774400,0,1500
2022-04-12T15:11:00.000+00:00,2022-04-12,15:11:00,1649776260,0,1500
2022-04-13T09:50:00.000+00:00,2022-04-13,09:50:00,1649843400,0,1500
2022-04-13T10:20:00.000+00:00,2022-04-13,10:20:00,1649845200,0,1500
2022-04-13T10:50:00.000+00:00,2022-04-13,10:50:00,1649847000,0,1500
2022-04-13T12:53:00.000+00:00,2022-04-13,12:53:00,1649854380,0,1500
2022-04-13T13:24:00.000+00:00,2022-04-13,13:24:00,1649856240,0,1500
2022-04-13T14:04:00.000+00:00,2022-04-13,14:04:00,1649858640,0,1500
2022-04-13T14:36:00.000+00:00,2022-04-13,14:36:00,1649860560,0,1500
2022-04-13T15:16:00.000+00:00,2022-04-13,15:16:00,1649862960,0,1500
2022-04-13T15:46:00.000+00:00,2022-04-13,15:46:00,1649864760,0,1500
2022-04-13T16:29:00.000+00:00,2022-04-13,16:29:00,1649867340,0,1500
2022-04-14T10:23:00.000+00:00,2022-04-14,10:23:00,1649931780,0,1500
2022-04-14T10:53:00.000+00:00,2022-04-14,10:53:00,1649933580,0,1500
2022-04-14T11:23:00.000+00:00,2022-04-14,11:23:00,1649935380,0,1500
2022-04-14T11:53:00.000+00:00,2022-04-14,11:53:00,1649937180,0,1500
2022-04-14T12:33:00.000+00:00,2022-04-14,12:33:00,1649939580,0,1500
2022-04-14T13:55:00.000+00:00,2022-04-14,13:55:00,1649944500,0,1500
2022-04-14T14:25:00.000+00:00,2022-04-14,14:25:00,1649946300,0,1500
2022-04-14T15:05:00.000+00:00,2022-04-14,15:05:00,1649948700,0,1500
2022-04-14T15:45:00.000+00:00,2022-04-14,15:45:00,1649951100,0,1500
2022-04-14T16:15:00.000+00:00,2022-04-14,16:15:00,1649952900,0,1500
2022-04-14T16:57:00.000+00:00,2022-04-14,16:57:00,1649955420,0,1500
2022-04-14T18:03:00.000+00:00,2022-04-14,18:03:00,1649959380,0,1500
2022-04-15T08:46:00.000+00:00,2022-04-15,08:46:00,1650012360,0,1500
2022-04-15T09:18:00.000+00:00,2022-04-15,09:18:00,1650014280,0,1500
2022-04-15T09:48:00.000+00:00,2022-04-15,09:48:00,1650016080,0,1500
2022-04-15T10:27:00.000+00:00,2022-04-15,10:27:00,1650018420,0,1500
2022-04-15T15:27:00.000+00:00,2022-04-15,15:27:00,1650036420,0,1500
2022-04-15T15:58:00.000+00:00,2022-04-15,15:58:00,1650038280,0,1500
2022-04-15T16:28:00.000+00:00,2022-04-15,16:28:00,1650040080,0,1500
2022-04-15T16:58:00.000+00:00,2022-04-15,16:58:00,1650041880,0,1500
2022-04-16T08:48:00.000+00:00,2022-04-16,08:48:00,1650098880,0,1500
2022-04-16T09:19:00.000+00:00,2022-04-16,09:19:00,1650100740,0,1500
2022-04-16T09:49:00.000+00:00,2022-04-16,09:49:00,1650102540,0,1500
2022-04-16T10:23:00.000+00:00,2022-04-16,10:23:00,1650104580,0,1500
2022-04-16T11:03:00.000+00:00,2022-04-16,11:03:00,1650106980,0,1500
2022-04-16T12:30:00.000+00:00,2022-04-16,12:30:00,1650112200,0,1500
2022-04-16T13:00:00.000+00:00,2022-04-16,13:00:00,1650114000,0,1500
2022-04-16T13:30:00.000+00:00,2022-04-16,13:30:00,1650115800,0,1500
2022-04-19T10:14:00.000+00:00,2022-04-19,10:14:00,1650363240,0,1500
2022-04-19T10:44:00.000+00:00,2022-04-19,10:44:00,1650365040,0,1500
2022-04-19T11:40:00.000+00:00,2022-04-19,11:40:00,1650368400,0,1500
2022-04-19T13:44:00.000+00:00,2022-04-19,13:44:00,1650375840,0,1500
2022-04-19T14:26:00.000+00:00,2022-04-19,14:26:00,1650378360,0,1500
2022-04-19T15:12:00.000+00:00,2022-04-19,15:12:00,1650381120,0,1500
2022-04-19T15:42:00.000+00:00,2022-04-19,15:42:00,1650382920,0,1500
2022-04-19T17:11:00.000+00:00,2022-04-19,17:11:00,1650388260,0,1500
2022-04-20T11:05:00.000+00:00,2022-04-20,11:05:00,1650452700,0,1500
2022-04-20T11:38:00.000+00:00,2022-04-20,11:38:00,1650454680,0,1500
2022-04-21T10:22:00.000+00:00,2022-04-21,10:22:00,1650536520,0,1500
2022-04-21T10:54:00.000+00:00,2022-04-21,10:54:00,1650538440,0,1500
2022-04-21T11:25:00.000+00:00,2022-04-21,11:25:00,1650540300,0,1500
2022-04-21T11:59:00.000+00:00,2022-04-21,11:59:00,1650542340,0,1500
2022-04-21T12:40:00.000+00:00,2022-04-21,12:40:00,1650544800,0,1500
2022-04-21T15:15:00.000+00:00,2022-04-21,15:15:00,1650554100,0,1500
2022-04-21T16:02:00.000+00:00,2022-04-21,16:02:00,1650556920,0,1500
2022-04-21T16:39:00.000+00:00,2022-04-21,16:39:00,1650559140,0,1500
2022-04-21T17:35:00.000+00:00,2022-04-21,17:35:00,1650562500,0,1500
2022-04-22T16:00:00.000+00:00,2022-04-22,16:00:00,1650643200,0,1500
2022-04-22T16:30:00.000+00:00,2022-04-22,16:30:00,1650645000,0,1500
2022-04-22T17:00:00.000+00:00,2022-04-22,17:00:00,1650646800,0,1500
2022-04-22T17:36:00.000+00:00,2022-04-22,17:36:00,1650648960,0,1500
2022-04-23T10:29:00.000+00:00,2022-04-23,10:29:00,1650709740,0,1500
2022-04-23T10:59:00.000+00:00,2022-04-23,10:59:00,1650711540,0,1500
2022-04-23T11:29:00.000+00:00,2022-04-23,11:29:00,1650713340,0,1500
2022-04-23T11:59:00.000+00:00,2022-04-23,11:59:00,1650715140,0,1500
2022-04-23T12:39:00.000+00:00,2022-04-23,12:39:00,1650717540,0,1500
2022-04-23T13:09:00.000+00:00,2022-04-23,13:09:00,1650719340,0,1500
2022-04-23T13:44:00.000+00:00,2022-04-23,13:44:00,1650721440,0,1500
2022-04-23T14:14:00.000+00:00,2022-04-23,14:14:00,1650723240,0,1500
2022-04-23T14:55:00.000+00:00,2022-04-23,14:55:00,1650725700,0,1500
2022-04-23T15:33:00.000+00:00,2022-04-23,15:33:00,1650727980,0,1500
2022-04-25T10:20:00.000+00:00,2022-04-25,10:20:00,1650882000,0,1500
2022-04-25T10:50:00.000+00:00,2022-04-25,10:50:00,1650883800,0,1500
2022-04-25T11:21:00.000+00:00,2022-04-25,11:21:00,1650885660,0,1500
2022-04-25T12:32:00.000+00:00,2022-04-25,12:32:00,1650889920,0,1500
2022-04-25T13:03:00.000+00:00,2022-04-25,13:03:00,1650891780,0,1500
2022-04-25T13:33:00.000+00:00,2022-04-25,13:33:00,1650893580,0,1500
2022-04-25T14:35:00.000+00:00,2022-04-25,14:35:00,1650897300,0,1500
2022-04-25T15:06:00.000+00:00,2022-04-25,15:06:00,1650899160,0,1500
2022-04-25T15:36:00.000+00:00,2022-04-25,15:36:00,1650900960,0,1500
2022-04-25T16:06:00.000+00:00,2022-04-25,16:06:00,1650902760,0,1500
2022-04-25T16:46:00.000+00:00,2022-04-25,16:46:00,1650905160,0,1500
2022-04-25T17:49:00.000+00:00,2022-04-25,17:49:00,1650908940,0,1500
2022-04-26T11:50:00.000+00:00,2022-04-26,11:50:00,1650973800,0,1500
2022-04-26T12:25:00.000+00:00,2022-04-26,12:25:00,1650975900,0,1500
2022-04-27T12:57:00.000+00:00,2022-04-27,12:57:00,1651064220,0,1500
2022-04-27T14:30:00.000+00:00,2022-04-27,14:30:00,1651069800,0,1500
2022-04-27T15:55:00.000+00:00,2022-04-27,15:55:00,1651074900,0,1500
2022-04-27T16:38:00.000+00:00,2022-04-27,16:38:00,1651077480,0,1500
2022-04-27T17:08:00.000+00:00,2022-04-27,17:08:00,1651079280,0,1500
2022-04-28T08:53:00.000+00:00,2022-04-28,08:53:00,1651135980,0,1500
2022-04-28T09:29:00.000+00:00,2022-04-28,09:29:00,1651138140,0,1500
2022-04-28T10:31:00.000+00:00,2022-04-28,10:31:00,1651141860,0,1500
2022-04-28T11:03:00.000+00:00,2022-04-28,11:03:00,1651143780,0,1500
2022-04-28T11:45:00.000+00:00,2022-04-28,11:45:00,1651146300,0,1500
2022-04-28T12:15:00.000+00:00,2022-04-28,12:15:00,1651148100,0,1500
2022-04-28T12:45:00.000+00:00,2022-04-28,12:45:00,1651149900,0,1500
2022-04-28T13:15:00.000+00:00,2022-04-28,13:15:00,1651151700,0,1500
2022-04-29T08:44:00.000+00:00,2022-04-29,08:44:00,1651221840,0,1500
2022-04-29T09:14:00.000+00:00,2022-04-29,09:14:00,1651223640,0,1500
2022-04-29T09:45:00.000+00:00,2022-04-29,09:45:00,1651225500,0,1500
2022-04-29T10:18:00.000+00:00,2022-04-29,10:18:00,1651227480,0,1500
2022-04-29T10:58:00.000+00:00,2022-04-29,10:58:00,1651229880,0,1500
2022-04-29T11:28:00.000+00:00,2022-04-29,11:28:00,1651231680,0,1500
2022-04-29T11:59:00.000+00:00,2022-04-29,11:59:00,1651233540,0,1500
2022-04-29T12:33:00.000+00:00,2022-04-29,12:33:00,1651235580,0,1500
2022-04-29T13:14:00.000+00:00,2022-04-29,13:14:00,1651238040,0,1500
2022-04-29T13:44:00.000+00:00,2022-04-29,13:44:00,1651239840,0,1500
2022-04-29T14:14:00.000+00:00,2022-04-29,14:14:00,1651241640,0,1500
2022-04-29T14:45:00.000+00:00,2022-04-29,14:45:00,1651243500,0,1500
2022-04-29T15:25:00.000+00:00,2022-04-29,15:25:00,1651245900,0,1500
2022-04-30T13:21:00.000+00:00,2022-04-30,13:21:00,1651324860,0,1500
2022-04-30T14:12:00.000+00:00,2022-04-30,14:12:00,1651327920,0,1500
2022-04-30T14:43:00.000+00:00,2022-04-30,14:43:00,1651329780,0,1500
2022-05-04T11:13:00.000+00:00,2022-05-04,11:13:00,1651662780,0,1500
2022-05-04T11:43:00.000+00:00,2022-05-04,11:43:00,1651664580,0,1500
2022-05-04T12:14:00.000+00:00,2022-05-04,12:14:00,1651666440,0,1500
2022-05-04T12:50:00.000+00:00,2022-05-04,12:50:00,1651668600,0,1500
2022-05-04T13:34:00.000+00:00,2022-05-04,13:34:00,1651671240,0,1500
2022-05-04T19:22:00.000+00:00,2022-05-04,19:22:00,1651692120,0,1500
2022-05-05T10:07:00.000+00:00,2022-05-05,10:07:00,1651745220,0,1500
2022-05-05T10:42:00.000+00:00,2022-05-05,10:42:00,1651747320,0,1500
2022-05-05T11:25:00.000+00:00,2022-05-05,11:25:00,1651749900,0,1500
2022-05-05T11:55:00.000+00:00,2022-05-05,11:55:00,1651751700,0,1500
2022-05-05T12:36:00.000+00:00,2022-05-05,12:36:00,1651754160,0,1500
2022-05-06T10:01:00.000+00:00,2022-05-06,10:01:00,1651831260,0,1500
2022-05-06T10:32:00.000+00:00,2022-05-06,10:32:00,1651833120,0,1500
2022-05-06T12:21:00.000+00:00,2022-05-06,12:21:00,1651839660,0,1500
2022-05-06T12:53:00.000+00:00,2022-05-06,12:53:00,1651841580,0,1500
2022-05-10T08:33:00.000+00:00,2022-05-10,08:33:00,1652171580,0,1500
2022-05-10T09:03:00.000+00:00,2022-05-10,09:03:00,1652173380,0,1500
2022-05-10T09:38:00.000+00:00,2022-05-10,09:38:00,1652175480,0,1500
2022-05-10T10:08:00.000+00:00,2022-05-10,10:08:00,1652177280,0,1500
2022-05-10T10:58:00.000+00:00,2022-05-10,10:58:00,1652180280,0,1500
2022-05-10T11:28:00.000+00:00,2022-05-10,11:28:00,1652182080,0,1500
2022-05-10T12:08:00.000+00:00,2022-05-10,12:08:00,1652184480,0,1500
2022-05-10T12:38:00.000+00:00,2022-05-10,12:38:00,1652186280,0,1500
2022-05-11T09:16:00.000+00:00,2022-05-11,09:16:00,1652260560,0,1500
2022-05-11T09:46:00.000+00:00,2022-05-11,09:46:00,1652262360,0,1500
2022-05-11T10:23:00.000+00:00,2022-05-11,10:23:00,1652264580,0,1500
2022-05-11T11:39:00.000+00:00,2022-05-11,11:39:00,1652269140,0,1500
2022-05-11T12:44:00.000+00:00,2022-05-11,12:44:00,1652273040,0,1500
2022-05-11T13:14:00.000+00:00,2022-05-11,13:14:00,1652274840,0,1500
2022-05-13T09:31:00.000+00:00,2022-05-13,09:31:00,1652434260,0,1500
2022-05-16T12:01:00.000+00:00,2022-05-16,12:01:00,1652702460,0,1500
2022-05-16T12:31:00.000+00:00,2022-05-16,12:31:00,1652704260,0,1500
2022-05-16T15:33:00.000+00:00,2022-05-16,15:33:00,1652715180,0,1500
2022-05-17T11:44:00.000+00:00,2022-05-17,11:44:00,1652787840,0,1500
2022-05-17T12:22:00.000+00:00,2022-05-17,12:22:00,1652790120,0,1500
2022-05-17T12:54:00.000+00:00,2022-05-17,12:54:00,1652792040,0,1500
2022-05-17T16:07:00.000+00:00,2022-05-17,16:07:00,1652803620,0,1500
2022-05-17T16:37:00.000+00:00,2022-05-17,16:37:00,1652805420,0,1500
2022-05-17T17:08:00.000+00:00,2022-05-17,17:08:00,1652807280,0,1500
2022-05-18T15:19:00.000+00:00,2022-05-18,15:19:00,1652887140,0,1500
2022-05-18T15:49:00.000+00:00,2022-05-18,15:49:00,1652888940,0,1500
2022-05-19T10:18:00.000+00:00,2022-05-19,10:18:00,1652955480,0,1500
2022-05-19T10:49:00.000+00:00,2022-05-19,10:49:00,1652957340,0,1500
2022-05-20T17:55:00.000+00:00,2022-05-20,17:55:00,1653069300,0,1500
2022-05-20T18:26:00.000+00:00,2022-05-20,18:26:00,1653071160,0,1500
2022-05-20T18:51:00.000+00:00,2022-05-20,18:51:00,1653072660,0,1500
2022-05-21T12:09:00.000+00:00,2022-05-21,12:09:00,1653134940,0,1500
2022-05-23T11:50:00.000+00:00,2022-05-23,11:50:00,1653306600,0,1500
2022-05-23T12:23:00.000+00:00,2022-05-23,12:23:00,1653308580,0,1500
2022-05-23T17:42:00.000+00:00,2022-05-23,17:42:00,1653327720,0,1500
2022-05-23T18:12:00.000+00:00,2022-05-23,18:12:00,1653329520,0,1500
2022-05-23T18:51:00.000+00:00,2022-05-23,18:51:00,1653331860,0,1500
2022-05-23T19:21:00.000+00:00,2022-05-23,19:21:00,1653333660,0,1500
2022-05-23T20:01:00.000+00:00,2022-05-23,20:01:00,1653336060,0,1500
2022-05-24T10:50:00.000+00:00,2022-05-24,10:50:00,1653389400,0,1500
2022-05-24T11:31:00.000+00:00,2022-05-24,11:31:00,1653391860,0,1500
2022-05-24T12:04:00.000+00:00,2022-05-24,12:04:00,1653393840,0,1500
2022-05-24T13:22:00.000+00:00,2022-05-24,13:22:00,1653398520,0,1500
2022-05-24T16:05:00.000+00:00,2022-05-24,16:05:00,1653408300,0,1500
2022-05-31T20:23:00.000+00:00,2022-05-31,20:23:00,1654028580,0,1500
2022-05-31T22:42:00.000+00:00,2022-05-31,22:42:00,1654036920,0,1500
2022-06-01T10:25:00.000+00:00,2022-06-01,10:25:00,1654079100,0,1500
2022-06-01T11:00:00.000+00:00,2022-06-01,11:00:00,1654081200,0,1500
2022-06-01T11:50:00.000+00:00,2022-06-01,11:50:00,1654084200,0,1500
2022-06-01T12:20:00.000+00:00,2022-06-01,12:20:00,1654086000,0,1500
2022-06-01T13:33:00.000+00:00,2022-06-01,13:33:00,1654090380,0,1500
2022-06-01T14:10:00.000+00:00,2022-06-01,14:10:00,1654092600,0,1500
2022-06-06T13:41:00.000+00:00,2022-06-06,13:41:00,1654522860,0,1500
2022-06-06T15:41:00.000+00:00,2022-06-06,15:41:00,1654530060,0,1500
2022-06-06T16:12:00.000+00:00,2022-06-06,16:12:00,1654531920,0,1500
2022-06-06T16:42:00.000+00:00,2022-06-06,16:42:00,1654533720,0,1500
2022-06-20T14:23:00.000+00:00,2022-06-20,14:23:00,1655734980,0,1500
2022-06-20T14:53:00.000+00:00,2022-06-20,14:53:00,1655736780,0,1500
2022-06-21T16:56:00.000+00:00,2022-06-21,16:56:00,1655830560,0,1500
2022-06-23T09:21:00.000+00:00,2022-06-23,09:21:00,1655976060,0,1500
2022-06-23T09:52:00.000+00:00,2022-06-23,09:52:00,1655977920,0,1500
2022-06-23T10:22:00.000+00:00,2022-06-23,10:22:00,1655979720,0,1500
2022-06-23T10:52:00.000+00:00,2022-06-23,10:52:00,1655981520,0,1500
2022-06-23T12:00:00.000+00:00,2022-06-23,12:00:00,1655985600,0,1500
2022-06-23T17:23:00.000+00:00,2022-06-23,17:23:00,1656004980,0,1500
2022-06-23T17:55:00.000+00:00,2022-06-23,17:55:00,1656006900,0,1500
2022-07-26T10:56:00.000+00:00,2022-07-26,10:56:00,1658832960,0,1500
2022-07-26T11:40:00.000+00:00,2022-07-26,11:40:00,1658835600,0,1500
2022-07-26T12:48:00.000+00:00,2022-07-26,12:48:00,1658839680,0,1500
2022-07-26T13:19:00.000+00:00,2022-07-26,13:19:00,1658841540,0,1500
2022-07-26T13:49:00.000+00:00,2022-07-26,13:49:00,1658843340,0,1500
2022-07-26T14:20:00.000+00:00,2022-07-26,14:20:00,1658845200,0,1500
2022-08-06T10:14:00.000+00:00,2022-08-06,10:14:00,1659780840,0,1500
2022-08-06T10:46:00.000+00:00,2022-08-06,10:46:00,1659782760,0,1500
2022-08-06T11:18:00.000+00:00,2022-08-06,11:18:00,1659784680,0,1500
2022-08-07T17:41:00.000+00:00,2022-08-07,17:41:00,1659894060,0,1500
2022-08-07T21:12:00.000+00:00,2022-08-07,21:12:00,1659906720,0,1500
2022-08-07T21:51:00.000+00:00,2022-08-07,21:51:00,1659909060,0,1500
2022-08-07T22:23:00.000+00:00,2022-08-07,22:23:00,1659910980,0,1500
2022-08-08T09:07:00.000+00:00,2022-08-08,09:07:00,1659949620,0,1500
2022-08-12T15:13:00.000+00:00,2022-08-12,15:13:00,1660317180,0,1500
2022-08-15T12:34:00.000+00:00,2022-08-15,12:34:00,1660566840,0,1500
2022-08-15T13:59:00.000+00:00,2022-08-15,13:59:00,1660571940,0,1500
2022-08-15T14:29:00.000+00:00,2022-08-15,14:29:00,1660573740,0,1500
2022-08-15T14:59:00.000+00:00,2022-08-15,14:59:00,1660575540,0,1500
2022-08-15T15:33:00.000+00:00,2022-08-15,15:33:00,1660577580,0,1500
2022-08-17T10:51:00.000+00:00,2022-08-17,10:51:00,1660733460,0,1500
2022-08-17T11:29:00.000+00:00,2022-08-17,11:29:00,1660735740,0,1500
2022-08-19T13:22:00.000+00:00,2022-08-19,13:22:00,1660915320,0,1500
2022-08-26T13:35:00.000+00:00,2022-08-26,13:35:00,1661520900,0,1500
2022-09-01T09:08:00.000+00:00,2022-09-01,09:08:00,1662023280,0,1500
2022-09-01T13:00:00.000+00:00,2022-09-01,13:00:00,1662037200,0,1500
2022-09-02T10:01:00.000+00:00,2022-09-02,10:01:00,1662112860,0,1500
2022-09-02T10:38:00.000+00:00,2022-09-02,10:38:00,1662115080,0,1500
2022-09-02T11:08:00.000+00:00,2022-09-02,11:08:00,1662116880,0,1500
2022-09-02T11:57:00.000+00:00,2022-09-02,11:57:00,1662119820,0,1500
2022-09-02T12:37:00.000+00:00,2022-09-02,12:37:00,1662122220,0,1500
2022-09-02T13:07:00.000+00:00,2022-09-02,13:07:00,1662124020,0,1500
2022-09-02T15:24:00.000+00:00,2022-09-02,15:24:00,1662132240,0,1500
2022-09-02T16:13:00.000+00:00,2022-09-02,16:13:00,1662135180,0,1500
2022-09-02T16:43:00.000+00:00,2022-09-02,16:43:00,1662136980,0,1500
2022-09-02T17:59:00.000+00:00,2022-09-02,17:59:00,1662141540,0,1500
2022-09-03T10:09:00.000+00:00,2022-09-03,10:09:00,1662199740,0,1500
2022-09-03T10:39:00.000+00:00,2022-09-03,10:39:00,1662201540,0,1500
2022-09-03T11:09:00.000+00:00,2022-09-03,11:09:00,1662203340,0,1500
2022-09-03T12:16:00.000+00:00,2022-09-03,12:16:00,1662207360,0,1500
2022-09-03T13:34:00.000+00:00,2022-09-03,13:34:00,1662212040,0,1500
2022-09-03T14:04:00.000+00:00,2022-09-03,14:04:00,1662213840,0,1500
2022-09-03T14:35:00.000+00:00,2022-09-03,14:35:00,1662215700,0,1500
2022-09-03T21:27:00.000+00:00,2022-09-03,21:27:00,1662240420,0,1500
2022-09-08T13:38:00.000+00:00,2022-09-08,13:38:00,1662644280,0,1500
2022-09-08T14:11:00.000+00:00,2022-09-08,14:11:00,1662646260,0,1500
2022-09-08T14:44:00.000+00:00,2022-09-08,14:44:00,1662648240,0,1500
2022-09-08T15:14:00.000+00:00,2022-09-08,15:14:00,1662650040,0,1500
2022-09-08T15:54:00.000+00:00,2022-09-08,15:54:00,1662652440,0,1500
2022-09-08T16:30:00.000+00:00,2022-09-08,16:30:00,1662654600,0,1500
2022-09-10T09:41:00.000+00:00,2022-09-10,09:41:00,1662802860,0,1500
2022-09-10T10:13:00.000+00:00,2022-09-10,10:13:00,1662804780,0,1500
2022-09-10T11:22:00.000+00:00,2022-09-10,11:22:00,1662808920,0,1500
2022-09-10T12:03:00.000+00:00,2022-09-10,12:03:00,1662811380,0,1500
2022-09-10T12:49:00.000+00:00,2022-09-10,12:49:00,1662814140,0,1500
2022-09-10T13:26:00.000+00:00,2022-09-10,13:26:00,1662816360,0,1500
2022-09-10T14:05:00.000+00:00,2022-09-10,14:05:00,1662818700,0,1500
2022-09-10T15:21:00.000+00:00,2022-09-10,15:21:00,1662823260,0,1500
2022-09-10T17:01:00.000+00:00,2022-09-10,17:01:00,1662829260,0,1500
2022-09-10T20:25:00.000+00:00,2022-09-10,20:25:00,1662841500,0,1500
2022-09-10T20:59:00.000+00:00,2022-09-10,20:59:00,1662843540,0,1500
2022-09-10T21:29:00.000+00:00,2022-09-10,21:29:00,1662845340,0,1500
2022-09-11T09:14:00.000+00:00,2022-09-11,09:14:00,1662887640,0,1500
2022-09-11T09:44:00.000+00:00,2022-09-11,09:44:00,1662889440,0,1500
2022-09-11T10:15:00.000+00:00,2022-09-11,10:15:00,1662891300,0,1500
2022-09-11T11:06:00.000+00:00,2022-09-11,11:06:00,1662894360,0,1500
2022-09-11T12:55:00.000+00:00,2022-09-11,12:55:00,1662900900,0,1500
2022-09-11T14:00:00.000+00:00,2022-09-11,14:00:00,1662904800,0,1500
2022-09-11T14:39:00.000+00:00,2022-09-11,14:39:00,1662907140,0,1500
2022-09-11T16:39:00.000+00:00,2022-09-11,16:39:00,1662914340,0,1500
2022-09-11T17:09:00.000+00:00,2022-09-11,17:09:00,1662916140,0,1500
2022-09-11T17:39:00.000+00:00,2022-09-11,17:39:00,1662917940,0,1500
2022-09-12T20:35:00.000+00:00,2022-09-12,20:35:00,1663014900,0,1500
2022-09-14T12:29:00.000+00:00,2022-09-14,12:29:00,1663158540,0,1500
2022-09-14T13:26:00.000+00:00,2022-09-14,13:26:00,1663161960,0,1500
2022-09-14T20:15:00.000+00:00,2022-09-14,20:15:00,1663186500,0,1500
2022-09-14T20:45:00.000+00:00,2022-09-14,20:45:00,1663188300,0,1500
2022-09-14T21:30:00.000+00:00,2022-09-14,21:30:00,1663191000,0,1500
2022-09-14T22:00:00.000+00:00,2022-09-14,22:00:00,1663192800,0,1500
2022-09-15T09:46:00.000+00:00,2022-09-15,09:46:00,1663235160,0,1500
2022-09-15T10:16:00.000+00:00,2022-09-15,10:16:00,1663236960,0,1500
2022-09-15T10:46:00.000+00:00,2022-09-15,10:46:00,1663238760,0,1500
2022-09-15T11:18:00.000+00:00,2022-09-15,11:18:00,1663240680,0,1500
2022-09-15T11:59:00.000+00:00,2022-09-15,11:59:00,1663243140,0,1500
2022-09-15T12:35:00.000+00:00,2022-09-15,12:35:00,1663245300,0,1500
2022-09-15T13:05:00.000+00:00,2022-09-15,13:05:00,1663247100,0,1500
2022-09-15T13:35:00.000+00:00,2022-09-15,13:35:00,1663248900,0,1500
2022-09-15T14:20:00.000+00:00,2022-09-15,14:20:00,1663251600,0,1500
2022-09-15T15:08:00.000+00:00,2022-09-15,15:08:00,1663254480,0,1500
2022-09-15T22:41:00.000+00:00,2022-09-15,22:41:00,1663281660,0,1500
2022-09-16T20:14:00.000+00:00,2022-09-16,20:14:00,1663359240,0,1500
2022-09-17T12:18:00.000+00:00,2022-09-17,12:18:00,1663417080,0,1500
2022-09-17T12:49:00.000+00:00,2022-09-17,12:49:00,1663418940,0,1500
2022-09-17T13:19:00.000+00:00,2022-09-17,13:19:00,1663420740,0,1500
2022-09-17T13:52:00.000+00:00,2022-09-17,13:52:00,1663422720,0,1500
2022-09-17T14:33:00.000+00:00,2022-09-17,14:33:00,1663425180,0,1500
2022-09-17T15:23:00.000+00:00,2022-09-17,15:23:00,1663428180,0,1500
2022-09-17T16:17:00.000+00:00,2022-09-17,16:17:00,1663431420,0,1500
2022-09-19T11:43:00.000+00:00,2022-09-19,11:43:00,1663587780,0,1500
2022-09-19T12:21:00.000+00:00,2022-09-19,12:21:00,1663590060,0,1500
2022-09-19T13:58:00.000+00:00,2022-09-19,13:58:00,1663595880,0,1500
2022-09-19T14:30:00.000+00:00,2022-09-19,14:30:00,1663597800,0,1500
2022-09-19T16:17:00.000+00:00,2022-09-19,16:17:00,1663604220,0,1500
2022-09-19T21:18:00.000+00:00,2022-09-19,21:18:00,1663622280,0,1500
2022-09-19T22:03:00.000+00:00,2022-09-19,22:03:00,1663624980,0,1500
2022-09-19T22:51:00.000+00:00,2022-09-19,22:51:00,1663627860,0,1500
2022-09-19T23:21:00.000+00:00,2022-09-19,23:21:00,1663629660,0,1500
2022-09-21T20:47:00.000+00:00,2022-09-21,20:47:00,1663793220,0,1500
2022-09-21T21:18:00.000+00:00,2022-09-21,21:18:00,1663795080,0,1500
2022-09-22T06:41:00.000+00:00,2022-09-22,06:41:00,1663828860,0,1500
2022-09-22T07:14:00.000+00:00,2022-09-22,07:14:00,1663830840,0,1500
2022-09-22T07:49:00.000+00:00,2022-09-22,07:49:00,1663832940,0,1500
2022-09-22T08:57:00.000+00:00,2022-09-22,08:57:00,1663837020,0,1500
2022-09-22T09:28:00.000+00:00,2022-09-22,09:28:00,1663838880,0,1500
2022-09-22T13:16:00.000+00:00,2022-09-22,13:16:00,1663852560,0,1500
2022-09-22T13:59:00.000+00:00,2022-09-22,13:59:00,1663855140,0,1500
2022-10-03T20:29:00.000+00:00,2022-10-03,20:29:00,1664828940,0,1500
2022-10-04T12:46:00.000+00:00,2022-10-04,12:46:00,1664887560,0,1500
2022-10-04T13:25:00.000+00:00,2022-10-04,13:25:00,1664889900,0,1500
2022-10-04T14:06:00.000+00:00,2022-10-04,14:06:00,1664892360,0,1500
2022-10-04T14:39:00.000+00:00,2022-10-04,14:39:00,1664894340,0,1500
2022-10-04T15:32:00.000+00:00,2022-10-04,15:32:00,1664897520,0,1500
2022-10-05T19:06:00.000+00:00,2022-10-05,19:06:00,1664996760,0,1500
2022-10-05T19:47:00.000+00:00,2022-10-05,19:47:00,1664999220,0,1500
2022-10-05T20:17:00.000+00:00,2022-10-05,20:17:00,1665001020,0,1500
2022-10-05T20:53:00.000+00:00,2022-10-05,20:53:00,1665003180,0,1500
2022-10-06T08:56:00.000+00:00,2022-10-06,08:56:00,1665046560,0,1500
2022-10-06T10:19:00.000+00:00,2022-10-06,10:19:00,1665051540,0,1500
2022-10-06T10:51:00.000+00:00,2022-10-06,10:51:00,1665053460,0,1500
2022-10-06T11:35:00.000+00:00,2022-10-06,11:35:00,1665056100,0,1500
2022-10-06T12:36:00.000+00:00,2022-10-06,12:36:00,1665059760,0,1500
2022-10-06T13:17:00.000+00:00,2022-10-06,13:17:00,1665062220,0,1500
2022-10-06T14:20:00.000+00:00,2022-10-06,14:20:00,1665066000,0,1500
2022-10-06T17:28:00.000+00:00,2022-10-06,17:28:00,1665077280,0,1500
2022-10-07T10:46:00.000+00:00,2022-10-07,10:46:00,1665139560,0,1500
2022-10-08T08:38:00.000+00:00,2022-10-08,08:38:00,1665218280,0,1500
2022-10-08T09:09:00.000+00:00,2022-10-08,09:09:00,1665220140,0,1500
2022-10-08T09:40:00.000+00:00,2022-10-08,09:40:00,1665222000,0,1500
2022-10-08T10:21:00.000+00:00,2022-10-08,10:21:00,1665224460,0,1500
2022-10-08T19:53:00.000+00:00,2022-10-08,19:53:00,1665258780,0,1500
2022-10-08T20:23:00.000+00:00,2022-10-08,20:23:00,1665260580,0,1500
2022-10-08T20:53:00.000+00:00,2022-10-08,20:53:00,1665262380,0,1500
2022-10-08T21:43:00.000+00:00,2022-10-08,21:43:00,1665265380,0,1500
2022-10-10T17:19:00.000+00:00,2022-10-10,17:19:00,1665422340,0,1500
2022-10-10T19:40:00.000+00:00,2022-10-10,19:40:00,1665430800,0,1500
2022-10-11T14:43:00.000+00:00,2022-10-11,14:43:00,1665499380,0,1500
2022-10-11T21:56:00.000+00:00,2022-10-11,21:56:00,1665525360,0,1500
2022-10-11T22:26:00.000+00:00,2022-10-11,22:26:00,1665527160,0,1500
2022-10-11T22:56:00.000+00:00,2022-10-11,22:56:00,1665528960,0,1500
2022-10-12T13:58:00.000+00:00,2022-10-12,13:58:00,1665583080,0,1500
2022-10-12T14:29:00.000+00:00,2022-10-12,14:29:00,1665584940,0,1500
2022-10-12T17:21:00.000+00:00,2022-10-12,17:21:00,1665595260,0,1500
2022-10-12T17:51:00.000+00:00,2022-10-12,17:51:00,1665597060,0,1500
2022-10-13T07:23:00.000+00:00,2022-10-13,07:23:00,1665645780,0,1500
2022-10-13T07:54:00.000+00:00,2022-10-13,07:54:00,1665647640,0,1500
2022-10-13T08:44:00.000+00:00,2022-10-13,08:44:00,1665650640,0,1500
2022-10-13T09:33:00.000+00:00,2022-10-13,09:33:00,1665653580,0,1500
2022-10-14T08:27:00.000+00:00,2022-10-14,08:27:00,1665736020,0,1500
2022-10-14T09:03:00.000+00:00,2022-10-14,09:03:00,1665738180,0,1500
2022-10-14T15:11:00.000+00:00,2022-10-14,15:11:00,1665760260,0,1500
2022-10-14T15:58:00.000+00:00,2022-10-14,15:58:00,1665763080,0,1500
2022-10-19T10:07:00.000+00:00,2022-10-19,10:07:00,1666174020,0,1500
2022-10-19T10:37:00.000+00:00,2022-10-19,10:37:00,1666175820,0,1500
2022-10-19T16:11:00.000+00:00,2022-10-19,16:11:00,1666195860,0,1500
2022-10-19T16:43:00.000+00:00,2022-10-19,16:43:00,1666197780,0,1500
2022-10-20T09:58:00.000+00:00,2022-10-20,09:58:00,1666259880,0,1500
2022-10-20T11:50:00.000+00:00,2022-10-20,11:50:00,1666266600,0,1500
2022-10-20T12:47:00.000+00:00,2022-10-20,12:47:00,1666270020,0,1500
2022-10-20T13:18:00.000+00:00,2022-10-20,13:18:00,1666271880,0,1500
2022-10-20T15:37:00.000+00:00,2022-10-20,15:37:00,1666280220,0,1500
2022-10-20T16:09:00.000+00:00,2022-10-20,16:09:00,1666282140,0,1500
2022-10-25T09:50:00.000+00:00,2022-10-25,09:50:00,1666691400,0,1500
2022-10-26T12:04:00.000+00:00,2022-10-26,12:04:00,1666785840,0,1500
2022-10-26T12:43:00.000+00:00,2022-10-26,12:43:00,1666788180,0,1500
2022-10-26T20:12:00.000+00:00,2022-10-26,20:12:00,1666815120,0,1500
2022-10-27T08:45:00.000+00:00,2022-10-27,08:45:00,1666860300,0,1500
2022-10-27T09:15:00.000+00:00,2022-10-27,09:15:00,1666862100,0,1500
2022-10-27T09:47:00.000+00:00,2022-10-27,09:47:00,1666864020,0,1500
2022-10-27T13:36:00.000+00:00,2022-10-27,13:36:00,1666877760,0,1500
2022-10-27T14:27:00.000+00:00,2022-10-27,14:27:00,1666880820,0,1500
2022-10-29T08:59:00.000+00:00,2022-10-29,08:59:00,1667033940,0,1500
2022-10-29T14:19:00.000+00:00,2022-10-29,14:19:00,1667053140,0,1500
2022-10-29T14:49:00.000+00:00,2022-10-29,14:49:00,1667054940,0,1500
2022-10-29T15:41:00.000+00:00,2022-10-29,15:41:00,1667058060,0,1500
2022-10-29T16:11:00.000+00:00,2022-10-29,16:11:00,1667059860,0,1500
2022-10-30T11:14:00.000+00:00,2022-10-30,11:14:00,1667128440,0,1500
2022-10-30T11:44:00.000+00:00,2022-10-30,11:44:00,1667130240,0,1500
2022-10-30T14:10:00.000+00:00,2022-10-30,14:10:00,1667139000,0,1500
2023-02-03T20:22:00.000+00:00,2023-02-03,20:22:00,1675455720,0,1500
2023-02-03T21:36:00.000+00:00,2023-02-03,21:36:00,1675460160,0,1500
2023-02-03T22:12:00.000+00:00,2023-02-03,22:12:00,1675462320,0,1500
2023-02-20T21:09:00.000+00:00,2023-02-20,21:09:00,1676927340,0,1500
2023-02-20T21:48:00.000+00:00,2023-02-20,21:48:00,1676929680,0,1500
2023-05-03T15:18:00.000+00:00,2023-05-03,15:18:00,1683127080,0,1500
